source_frame,source_time_s,candidate_frame,candidate_time_s,candidate_minus_source_sampling_ms,source_mouth_aperture,candidate_mouth_aperture,source_mouth_width,candidate_mouth_width,source_left_eye_aperture,candidate_left_eye_aperture,source_right_eye_aperture,candidate_right_eye_aperture,source_left_brow_height,candidate_left_brow_height,source_right_brow_height,candidate_right_brow_height,source_interocular_width_fraction,candidate_interocular_width_fraction,source_face_center_x,candidate_face_center_x,source_nose_x,candidate_nose_x,source_shoulder_center_x,candidate_shoulder_center_x,source_face_center_y,candidate_face_center_y,source_nose_y,candidate_nose_y,source_shoulder_center_y,candidate_shoulder_center_y,source_head_pitch_deg,candidate_head_pitch_deg,source_head_yaw_deg,candidate_head_yaw_deg,source_head_roll_deg,candidate_head_roll_deg,source_left_wrist_x,candidate_left_wrist_x,source_left_wrist_body_relative_x,candidate_left_wrist_body_relative_x,source_left_wrist_y,candidate_left_wrist_y,source_left_wrist_body_relative_y,candidate_left_wrist_body_relative_y,source_right_wrist_x,candidate_right_wrist_x,source_right_wrist_body_relative_x,candidate_right_wrist_body_relative_x,source_right_wrist_y,candidate_right_wrist_y,source_right_wrist_body_relative_y,candidate_right_wrist_body_relative_y,source_left_elbow_x,candidate_left_elbow_x,source_left_elbow_body_relative_x,candidate_left_elbow_body_relative_x,source_left_elbow_y,candidate_left_elbow_y,source_left_elbow_body_relative_y,candidate_left_elbow_body_relative_y,source_right_elbow_x,candidate_right_elbow_x,source_right_elbow_body_relative_x,candidate_right_elbow_body_relative_x,source_right_elbow_y,candidate_right_elbow_y,source_right_elbow_body_relative_y,candidate_right_elbow_body_relative_y
0,0.0,0,0.0,0.0,0.03445577957156293,0.03561233073700205,0.5660592321386085,0.5535574162261814,0.07717744266752972,0.07262541585852426,0.07520925363190543,0.07123913982632422,0.1270743542800393,0.12754552697856705,0.13886912928619924,0.13681350833477063,0.12169945430775811,0.12234275079483088,0.47670578956604004,0.4772249609231949,0.4647009074687958,0.46499067544937134,0.5142690092325211,0.5131980925798416,0.3610588312149048,0.3599826246500015,0.43937310576438904,0.44025692343711853,0.7502553164958954,0.7432140707969666,-177.20298767089844,-175.7672576904297,15.962690353393555,15.950109481811525,-0.7311107516288757,-0.24613244831562042,,,,,,,,,,,,,,,,,,,,,,,,,,,,,,,,
1,0.041666666666666664,1,0.041666666666666664,0.0,0.03606118724202102,0.034559093021862684,0.5611857968443221,0.5650704033676637,0.07304172095959777,0.07691607283340142,0.06963856769677114,0.0720276687966089,0.13592029525644683,0.1338073232403353,0.14242562474683396,0.137770960772474,0.12128856414046534,0.12091430047683413,0.4775540232658386,0.47758159041404724,0.4632722735404968,0.46290189027786255,0.5134542137384415,0.5117606222629547,0.35784924030303955,0.35814814269542694,0.43702778220176697,0.4366989731788635,0.7573390007019043,0.7604904174804688,-176.7219696044922,-177.0019989013672,18.050220489501953,18.410655975341797,0.24215470254421234,0.31605562567710876,,,,,,,,,,,,,,,,,,,,,,,,,,,,,,,,
2,0.08333333333333333,2,0.08333333333333333,0.0,0.03288754018122159,0.031721434875859364,0.5612132659729978,0.5599647360425317,0.07738026858871834,0.07888191016839304,0.07308290416611107,0.07440722153359672,0.1431479547833351,0.1352835031145916,0.1478818007801367,0.14129303504628396,0.12057301373022672,0.12153729888841935,0.47745612263679504,0.4773569405078888,0.46317440271377563,0.462897926568985,0.5138329565525055,0.5100175142288208,0.35588937997817993,0.35642704367637634,0.4337863028049469,0.4342264235019684,0.7595724165439606,0.7591646611690521,-177.09719848632812,-177.2645263671875,18.108644485473633,17.872468948364258,0.1355191469192505,0.006151590961962938,,,,,,,,,,,,,,,,,,,,,,,,,,,,,,,,
3,0.125,3,0.125,0.0,0.033185809602365654,0.03251467286047191,0.5639354154808297,0.5596795541232383,0.07706497571424398,0.07923919461702822,0.07277543231312071,0.0742802051249572,0.1342499492016125,0.13285255806658441,0.14050384780607852,0.14046552315043057,0.12066973225428643,0.12100471708711061,0.4781819134950638,0.47792965173721313,0.46335339546203613,0.46277332305908203,0.5127572268247604,0.5088370740413666,0.3544023782014847,0.35507073998451233,0.43157458305358887,0.43178945779800415,0.7599804997444153,0.7576868534088135,-177.78515625,-177.91004943847656,18.418834686279297,18.815343856811523,0.07009226083755493,-0.10935454815626144,,,,,,,,,,,,,,,,,,,,,,,,,,,,,,,,
4,0.16666666666666666,4,0.16666666666666666,0.0,0.03223219184831538,0.03111056788271823,0.5693695953022909,0.566496389178261,0.07533892169950336,0.07640378806953961,0.07005938109802348,0.07080897607328389,0.13943226295808314,0.13362493790510768,0.14270054389193554,0.1403135967804902,0.12154253662562609,0.12190658183038433,0.4780089855194092,0.47776246070861816,0.46282967925071716,0.4626077711582184,0.5130504071712494,0.5085930526256561,0.3533706068992615,0.35379166901111603,0.4293919801712036,0.43012484908103943,0.759151428937912,0.7582864761352539,-178.29258728027344,-178.29052734375,17.875478744506836,17.961383819580078,0.24045208096504214,-0.0717199519276619,,,,,,,,,,,,,,,,,,,,,,,,,,,,,,,,
5,0.20833333333333334,5,0.20833333333333334,0.0,0.03400542038765501,0.03071641883797206,0.5686671663493099,0.5620101567869803,0.0767189171463805,0.07884620834483025,0.07127248458523594,0.0729609513416847,0.14223716818583726,0.13474677558699893,0.14138513321612142,0.13816547377760216,0.12094235712563568,0.12107390572079661,0.4778076410293579,0.4776586890220642,0.46207985281944275,0.4617961347103119,0.5137394368648529,0.5111020803451538,0.35189013183116913,0.35197465121746063,0.4268644452095032,0.4275397062301636,0.7596702575683594,0.7579586505889893,-178.58572387695312,-178.55039978027344,18.461069107055664,19.06806755065918,0.6801467537879944,0.2866986095905304,,,,,,,,,,,,,,,,,,,,,,,,,,,,,,,,
6,0.25,6,0.25,0.0,0.03140699803069565,0.031203079097057995,0.5656624626238962,0.5601473414354828,0.0777868113408211,0.07924404104002238,0.07287540868808653,0.07336627108179757,0.14426436674010276,0.14038856167640537,0.14227125048182968,0.137097540936497,0.12078824900136131,0.12133435145208248,0.4774942100048065,0.4774866998195648,0.46104195713996887,0.46101027727127075,0.5143585503101349,0.5109349936246872,0.3503173291683197,0.3503223955631256,0.42519712448120117,0.42561987042427063,0.759742945432663,0.7611896991729736,-178.7527313232422,-178.50378417968753,18.728597640991214,18.77342987060547,0.9658709168434143,1.131208062171936,,,,,,,,,,,,,,,,,,,,,,,,,,,,,,,,
7,0.2916666666666667,7,0.2916666666666667,0.0,0.03600122780405312,0.03444989923305213,0.574246641766566,0.5640902031375934,0.07821709824527182,0.079647605789555,0.07323549387043662,0.07492037919761735,0.14000154284011518,0.13186731123028197,0.13692314157030466,0.13240523093575876,0.12078931754037202,0.12172714051816948,0.4772239923477173,0.47719818353652954,0.4603496789932251,0.4602675437927246,0.5148265063762665,0.5096195936203003,0.34935618937015533,0.3495718091726303,0.4236052334308624,0.4237079322338104,0.7574044466018677,0.7615652680397034,-179.0930938720703,-179.33407592773438,18.73259162902832,18.82891845703125,1.0785233974456787,0.7841665148735046,,,,,,,,,,,,,,,,,,,,,,,,,,,,,,,,
8,0.3333333333333333,8,0.3333333333333333,0.0,0.04624164419123505,0.044793643625694365,0.56563011310855,0.5626376636087342,0.07940560545364257,0.07999623893546308,0.07424183465848613,0.07422923540739379,0.1405064288241605,0.13882055211777813,0.135912817419966,0.13425735800941224,0.12064830673228488,0.12150028116668948,0.47719377279281616,0.4771571010351181,0.46007871627807617,0.4599950909614563,0.5146788507699966,0.5096398741006851,0.3489779382944107,0.34879642724990845,0.4236820936203003,0.42325878143310547,0.7558074295520782,0.7587386667728424,-178.848388671875,-178.89736938476562,19.42962074279785,19.344533920288086,1.266832947731018,1.2578954696655273,,,,,,,,,,,,,,,,,,,,,,,,,,,,,,,,
9,0.375,9,0.375,0.0,0.03662867366731916,0.03955140788922624,0.5442133839856554,0.5400304356226449,0.08489185403712562,0.08552768596824795,0.08006727963701489,0.0811128543206009,0.13602258036843404,0.13151474249690653,0.13407070186908168,0.13241086792303397,0.12003357664352779,0.12015497496472384,0.47714994847774506,0.4770476222038269,0.46058663725852966,0.4606172740459442,0.5147029161453247,0.5105067789554596,0.34986649453639984,0.3498389720916748,0.42655614018440247,0.42564156651496887,0.7556325495243073,0.7566568553447723,-178.27786254882812,-178.7581787109375,21.07801055908203,20.917644500732422,0.8405584692955017,0.6138647198677063,,,,,,,,,,,,,,,,,,,,,,,,,,,,,,,,
10,0.4166666666666667,10,0.4166666666666667,0.0,0.016938852434985198,0.022398434505572364,0.5388252182931493,0.5326949981918228,0.08546833827081157,0.08595037082310743,0.0812492189841851,0.08118650379105292,0.14108526813586927,0.1393317869029702,0.137712921062552,0.1371251162632469,0.11815974693939567,0.11902787532274706,0.47663097083568573,0.47679395973682404,0.4614521563053131,0.4612865149974823,0.5139020532369614,0.5096869766712189,0.3524378836154938,0.3524448424577713,0.43275362253189087,0.4334433376789093,0.7548128068447113,0.7576663792133331,-176.60877990722656,-176.0555877685547,21.135900497436523,21.35270881652832,1.233916163444519,1.270412802696228,,,,,,,,,,,,,,,,,,,,,,,,,,,,,,,,
11,0.4583333333333333,11,0.4583333333333333,0.0,0.0225295209044776,0.024263570151949694,0.558284571453745,0.5446982951577328,0.0878221287265013,0.08672761254616851,0.08321657065224876,0.08169384653694173,0.14277194216751435,0.1435692003236736,0.13732011240227945,0.13834974101051084,0.11938281444890013,0.11956851181237892,0.4771309942007065,0.47719380259513855,0.46075204014778137,0.4614925682544708,0.51397904753685,0.5098473131656647,0.3571503907442093,0.3578886091709137,0.43734899163246155,0.438406765460968,0.7555518448352814,0.7580862045288086,-176.44866943359375,-175.87127685546875,20.836713790893555,20.66114616394043,1.4963922500610352,1.4059486389160158,,,,,,,,,,,,,,,,,,,,,,,,,,,,,,,,
12,0.5,12,0.5,0.0,0.039249084656514846,0.029238441824189002,0.5607664235512702,0.557598669949952,0.08755068859088776,0.08886630387683171,0.0828669396266117,0.08394753094924172,0.1433530448378704,0.14008219303872466,0.13532133577358613,0.1336964371595361,0.12111829630487175,0.12057748584679442,0.47781142592430115,0.4779927581548691,0.46205082535743713,0.46233707666397095,0.5146378129720688,0.5087333172559738,0.3628860265016556,0.3629792332649231,0.4446636438369751,0.4450676441192627,0.7543287873268127,0.7572226524353027,-175.0535888671875,-175.239501953125,19.951915740966797,20.197237014770508,1.3930423259735107,1.378798246383667,,,,,,,,,,,,,,,,,,,,,,,,,,,,,,,,
13,0.5416666666666666,13,0.5416666666666666,0.0,0.03217396535824822,0.028314640163324162,0.546970196939787,0.5459111094910296,0.08484831930290511,0.08521172005596706,0.08064935668453765,0.08066475688560398,0.1421521386924142,0.14086574791972675,0.13527382722189835,0.1342205985358895,0.12137733033415381,0.12126178009767936,0.47841666638851166,0.4785652756690979,0.46371129155158997,0.46327927708625793,0.5141601860523224,0.5100900828838348,0.36714479327201843,0.36734865605831146,0.4477428197860718,0.4486570358276367,0.7551915049552917,0.7566881477832794,-175.5809326171875,-175.2173614501953,19.105552673339844,19.387590408325195,1.1029517650604248,1.4125609397888184,,,,,,,,,,,,,,,,,,,,,,,,,,,,,,,,
14,0.5833333333333334,14,0.5833333333333334,0.0,0.012280381874851653,0.014872813468393788,0.5580537328473176,0.5474721573312701,0.08363491769377095,0.08237054009973074,0.08096346612885823,0.07903750293556405,0.14188696862870817,0.1398208347866551,0.13592539510952859,0.1360733684694243,0.1214070977291284,0.12117466783714052,0.4798694849014282,0.4795391112565994,0.4640882611274719,0.464232474565506,0.5139420330524445,0.5104959309101105,0.36960186064243317,0.36918406188488007,0.45228636264801025,0.4522287845611572,0.7577093243598938,0.7588864862918854,-174.0609893798828,-173.85179138183594,17.52863121032715,18.412796020507812,1.8741387128829956,1.6056797504425049,,,,,,,,,,,,,,,,,,,,,,,,,,,,,,,,
15,0.625,15,0.625,0.0,0.0137676895689479,0.018405472160967874,0.535917952247831,0.5321350146538846,0.08433460309924258,0.08262370924088026,0.08077557575864915,0.07850650165824592,0.1395387785499159,0.13793745781715053,0.13691849627070304,0.13437730228298703,0.1212174128345158,0.1211979665843111,0.47950494289398193,0.4796186834573746,0.4647790789604187,0.4649065434932709,0.5139010697603226,0.5102308392524719,0.36898648738861084,0.3685298562049866,0.4515846371650696,0.4526633620262146,0.7562569975852966,0.7595198452472687,-174.51560974121094,-173.78968811035156,18.35520362854004,19.046836853027344,1.1859413385391235,1.3945910930633545,,,,,,,,,,,,,,,,,,,,,,,,,,,,,,,,
16,0.6666666666666666,16,0.6666666666666666,0.0,0.016861308666338608,0.01697399706760577,0.5328113651007611,0.5293977016111067,0.08608840541571983,0.08427982948264004,0.08236960701126239,0.08033498441946621,0.1380328561777014,0.13667926223562854,0.13699414890073577,0.13264755798415198,0.1209141785251054,0.12139266564677587,0.4800044298171997,0.48031389713287354,0.466627836227417,0.4662970304489136,0.5135335326194763,0.510502353310585,0.3678632527589798,0.36757396161556244,0.45335838198661804,0.4535679817199707,0.7556202113628387,0.7599239349365234,-173.8278350830078,-173.53640747070312,19.046539306640625,19.389652252197266,0.8291197419166565,1.237576246261597,,,,,,,,,,,,,,,,,,,,,,,,,,,,,,,,
17,0.7083333333333334,17,0.7083333333333334,0.0,0.01987665468819369,0.020795793585626356,0.5416745261158828,0.5357992752628654,0.08602472228550988,0.0834621044954466,0.08211931103156499,0.07943394479194547,0.1416095954924475,0.14077472368164143,0.13625279156729886,0.13529863169007889,0.11987014031831786,0.12093554502073914,0.4807698130607605,0.4808957576751709,0.46773672103881836,0.4675220549106598,0.5128587037324905,0.5108186304569244,0.3669355511665344,0.36737386882305145,0.45348748564720154,0.4542515277862549,0.756354421377182,0.7595211863517761,-173.7626190185547,-173.33572387695312,19.700841903686523,19.36336898803711,1.1649234294891357,1.2896937131881714,,,,,,,,,,,,,,,,,,,,,,,,,,,,,,,,
18,0.75,18,0.75,0.0,0.034906012244835714,0.03397379628722754,0.5423911210370473,0.5436914754331388,0.08733572156712596,0.08659996127413848,0.08321813372824736,0.08248088554436397,0.1399946190718656,0.13872891186907818,0.1325683627171348,0.13149138192483825,0.12018913682611285,0.12093284583576178,0.4815385639667511,0.4816814661026001,0.46860843896865845,0.4683873951435089,0.513387069106102,0.5110629200935364,0.3671158254146576,0.3671761155128479,0.4529111683368683,0.4538172781467438,0.7561253011226654,0.7596295475959778,-173.9519500732422,-173.31869506835938,19.586748123168945,19.253698348999023,1.2635903358459473,1.4002522230148315,,,,,,,,,,,,,,,,,,,,,,,,,,,,,,,,
19,0.7916666666666666,19,0.7916666666666666,0.0,0.04014694400722411,0.04861106339725212,0.5445924307990856,0.5413500640472177,0.08771247718623157,0.08707424826202194,0.08423698541502657,0.08282686747868716,0.1357424741913196,0.13618138640395186,0.12662045297572475,0.12901059028819595,0.12043008137237592,0.12124473689340656,0.48225077986717224,0.48218847811222076,0.4689180552959442,0.4686007499694824,0.5139501541852951,0.5110699832439423,0.36754240095615387,0.367461696267128,0.451545387506485,0.4531145393848419,0.7562041878700256,0.759663999080658,-174.96710205078125,-173.70556640625,18.977283477783203,18.973628997802734,1.4388412237167358,1.422647476196289,,,,,,,,,,,,,,,,,,,,,,,,,,,,,,,,
20,0.8333333333333334,20,0.8333333333333334,0.0,0.0414764076938208,0.037259897383828636,0.5324792376897389,0.5344897282876375,0.08564031715884424,0.08676949431038608,0.0832941459391079,0.08273154406212668,0.1357963493805803,0.13364749339420628,0.12753704524705106,0.12789075276910747,0.1210952155134383,0.12106768293065662,0.48277799785137177,0.48238688707351685,0.4691791832447052,0.46836644411087036,0.514438658952713,0.5113276690244675,0.367784708738327,0.3681146800518036,0.45126208662986755,0.4524141550064087,0.7557763457298279,0.7581291794776917,-174.9843292236328,-174.0526885986328,17.800745010375977,18.58298110961914,1.8245728015899658,1.5206990242004395,,,,,,,,,,,,,,,,,,,,,,,,,,,,,,,,
21,0.875,21,0.875,0.0,0.03736187031099671,0.035827032364825664,0.5339426648515679,0.5377087499426508,0.0838078849293953,0.08558772613677106,0.08138982773924919,0.08214295656963201,0.13799889932835302,0.13402631952080588,0.1313550421654569,0.1278617074015565,0.12120462281960036,0.1209299877520077,0.48316389322280884,0.4828681945800781,0.46978968381881714,0.46914738416671753,0.5143515467643738,0.5110983401536942,0.36656564474105835,0.36676672101020813,0.4491855800151825,0.45106685161590576,0.7549183964729309,0.7579762935638428,-175.24636840820312,-174.14651489257812,17.437686920166016,17.97092628479004,1.6022841930389404,1.6768938302993774,,,,,,,,,,,,,,,,,,,,,,,,,,,,,,,,
22,0.9166666666666666,22,0.9166666666666666,0.0,0.03976665287961993,0.036471565482233216,0.534374019839925,0.537476311427339,0.08436674030915502,0.08447144812202592,0.08144989346071803,0.08057732378479007,0.13891148959881053,0.13601084193296964,0.13298481676523377,0.13073070388876612,0.12112073191388692,0.12124232951300688,0.48322540521621704,0.483025923371315,0.47000858187675476,0.4699636697769165,0.5147093236446381,0.5113786906003952,0.36514975130558014,0.365231454372406,0.4474884271621704,0.4487572908401489,0.754025399684906,0.757746160030365,-175.34628295898438,-174.57891845703125,17.860572814941406,17.863618850708008,1.3663997650146484,1.3165570497512817,,,,,,,,,,,,,,,,,,,,,,,,,,,,,,,,
23,0.9583333333333334,23,0.9583333333333334,0.0,0.056990285431328565,0.0520539792098714,0.5361556226893668,0.538676182660798,0.08365804235367458,0.0842651229230741,0.08000752722392265,0.07973361631484253,0.14226164687527787,0.14079354728569138,0.13255713031105382,0.13148972307216095,0.12106990465642978,0.12090925570261658,0.4835707098245621,0.483356773853302,0.470907986164093,0.4707568883895874,0.5161199867725372,0.5118330419063568,0.36296381056308746,0.36298806965351105,0.4453560709953308,0.4462433159351349,0.752295047044754,0.7571640312671661,-175.3775634765625,-174.96095275878906,18.23138427734375,18.410337448120117,1.4900559186935425,1.4696017503738403,,,,,,,,,,,,,,,,,,,,,,,,,,,,,,,,
24,1.0,24,1.0,0.0,0.10260079221077952,0.0851438453752303,0.5806093599352987,0.5678266556220456,0.08525085520356089,0.08609897268876159,0.08143555090384287,0.08222290478366474,0.1423320759631479,0.13843484197599254,0.1278396018221017,0.12645278127328047,0.12053652281724199,0.1209808477911135,0.4834222197532654,0.48346635699272156,0.4700447618961334,0.46994322538375854,0.5159431397914886,0.5117265284061432,0.36207912862300873,0.36226701736450195,0.44519299268722534,0.4468706250190735,0.7517921030521393,0.7571402192115784,-175.10015869140625,-174.47235107421875,18.33038330078125,18.782228469848636,2.0295143127441406,1.9031505584716797,,,,,,,,,,,,,,,,,,,,,,,,,,,,,,,,
25,1.0416666666666667,25,1.0416666666666667,0.0,0.09370596431398527,0.08502473912472747,0.5819152563587824,0.5740612121337089,0.08535705829481828,0.09035467450720477,0.08219518172031808,0.08635347924707959,0.14061123122995656,0.13205413751953787,0.12784116215902583,0.12054463224609917,0.12148771078707556,0.1209055933751007,0.483758807182312,0.4835091084241867,0.4701310396194458,0.46957042813301086,0.5157228708267212,0.5110642611980438,0.36418139934539795,0.3639388829469681,0.4484401047229767,0.4496486783027649,0.7516480982303619,0.7570813000202179,-174.83799743652344,-173.95855712890628,18.328615188598633,19.489219665527347,1.9615676403045657,1.974987864494324,,,,,,,,,,,,,,,,,,,,,,,,,,,,,,,,
26,1.0833333333333333,26,1.0833333333333333,0.0,0.08062749360537363,0.07944920359978042,0.5830618031580317,0.5765469289372043,0.08910593686183588,0.0894773281546135,0.08627056738956831,0.08642830716908437,0.13742051895774293,0.1362866835389694,0.1250060807564303,0.12238841821299011,0.12061709516782522,0.12075548054862872,0.48415181040763855,0.4841719716787338,0.4696252644062042,0.4689154028892517,0.5170443952083588,0.5107578486204147,0.3674325793981552,0.36751338839530945,0.45353811979293823,0.45478716492652893,0.7515387833118439,0.7580803632736206,-173.7440643310547,-172.98565673828125,19.592063903808594,20.121364593505863,2.2366127967834473,2.663440704345703,,,,,,,,,,,,,,,,,,,,,,,,,,,,,,,,
27,1.125,27,1.125,0.0,0.07734387551871037,0.05997265108041194,0.5735102470379561,0.5721104068234499,0.08885458458582629,0.08632599352683384,0.08736904699237143,0.08442209488221829,0.14026926550832924,0.14367243680529823,0.12564044730360885,0.12783859052585622,0.12236160766039535,0.12240323093566435,0.48549288511276245,0.48566561937332153,0.469724178314209,0.47006604075431824,0.5167363733053207,0.5112359523773193,0.3704640418291092,0.3714384287595749,0.4587240517139435,0.46017390489578247,0.7543948292732239,0.759929746389389,-172.79656982421875,-172.2898406982422,19.258331298828125,18.84364891052246,3.043331623077393,3.1981406211853027,,,,,,,,,,,,,,,,,,,,,,,,,,,,,,,,
28,1.1666666666666667,28,1.1666666666666667,0.0,0.07063401294482254,0.06912640640237701,0.5918415725295305,0.5959220297199435,0.08633129169163564,0.08775533056618887,0.08484497725344955,0.0855520530455175,0.15330956184409109,0.15453807367068578,0.1324265789628766,0.13207726508378584,0.12209741278242292,0.12209896008297591,0.4861643314361572,0.48600809276103973,0.4719766676425934,0.4719209372997284,0.5174815505743027,0.512598842382431,0.3755880892276764,0.3768216222524643,0.46757107973098755,0.4680432081222534,0.7542800307273865,0.7602048814296722,-170.6759033203125,-170.13311767578125,16.96758460998535,16.453502655029297,3.6318230628967285,3.736844778060913,,,,,,,,,,,,,,,,,,,,,,,,,,,,,,,,
29,1.2083333333333333,29,1.2083333333333333,0.0,0.057486485358858704,0.040138704369489735,0.5743297972046786,0.5705520086778866,0.08967925279609888,0.09032765956818065,0.08713714645915302,0.08794496410680834,0.1538215876430043,0.1510875096899893,0.12966257532750974,0.12597479252198032,0.12329673012246958,0.12323969624373066,0.4872300624847412,0.4876936376094818,0.47492289543151855,0.4746286869049072,0.5191045999526978,0.5133363604545593,0.38007014989852905,0.3804382234811783,0.474980890750885,0.4750453531742096,0.7511112093925476,0.7582513093948364,-169.81617736816406,-169.68032836914062,15.273924827575684,15.73500442504883,3.437943458557129,3.6714978218078618,,,,,,,,,,,,,,,,,,,,,,,,,,,,,,,,
30,1.25,30,1.25,0.0,0.023682944460309323,0.022138217158838503,0.5222971569921673,0.5168387393128779,0.08438743280575288,0.08692855417270753,0.08303736536512377,0.08505415830138914,0.15794248637765423,0.1547464662709444,0.13580807298610645,0.1306880855637141,0.12488552545049639,0.12443957403575341,0.48850448429584503,0.48830440640449524,0.4749951660633087,0.4747167229652405,0.518767237663269,0.5130796134471893,0.38546159863471985,0.3853776454925537,0.4804322123527527,0.4813404977321625,0.7527164220809937,0.7608673274517059,-169.4635772705078,-169.45736694335938,16.97159194946289,17.426206588745117,3.6292574405670166,3.8847460746765137,,,,,,,,,,,,,,,,,,,,,,,,,,,,,,,,
31,1.2916666666666667,31,1.2916666666666667,0.0,0.021439518454402298,0.021467855576594187,0.5253645523548547,0.5188642696072614,0.0898056356283021,0.09036234972612443,0.08919791213835261,0.0898829099351813,0.15444497392621484,0.14977940406726029,0.13297149771939165,0.12758163893419014,0.12427643618842983,0.12442111203889919,0.4889495074748993,0.4893253743648529,0.475978285074234,0.4755699038505554,0.5188529938459396,0.5135593414306641,0.3873644471168518,0.38727985322475433,0.48212820291519165,0.48295098543167114,0.7528149783611298,0.7596873641014099,-169.37217712402344,-169.2581024169922,15.63402843475342,16.233911514282227,3.6680629253387447,3.9853365421295166,,,,,,,,,,,,,,,,,,,,,,,,,,,,,,,,
32,1.3333333333333333,32,1.3333333333333333,0.0,0.028937381186584607,0.02686191853685784,0.5344892183149477,0.528882108339712,0.0959065716566316,0.09664852584357081,0.09450176469776896,0.0948448070268399,0.14178475721581546,0.1403635828695892,0.12291697130077002,0.12165474367011468,0.12319778261198705,0.12318802012673899,0.48926737904548645,0.48954859375953674,0.47631651163101196,0.47652697563171387,0.5186991691589355,0.5139417052268982,0.38575105369091034,0.3857690989971161,0.4802587032318115,0.4813123345375061,0.7532099783420563,0.7583747208118439,-170.48841857910156,-170.1109619140625,17.50390434265137,17.71613883972168,3.2190468311309814,3.3503339290618896,,,,,,,,,,,,,,,,,,,,,,,,,,,,,,,,
33,1.375,33,1.375,0.0,0.05298874048872381,0.0387830447596382,0.5529229979290512,0.5465844485499277,0.0924768518819601,0.09219060004431022,0.09091705764387274,0.09022402043307796,0.14619841656397192,0.14534196744926045,0.12338479525137695,0.1222160246333761,0.1230022639953002,0.12313664538409544,0.48998886346817017,0.49016472697257996,0.4770354926586151,0.4768349826335907,0.5190040916204453,0.5140165090560913,0.3824686110019684,0.38289259374141693,0.4767647385597229,0.4781828820705414,0.7534680068492889,0.759845107793808,-170.0284423828125,-170.18711853027347,17.79073524475098,18.39756965637207,3.636683464050293,3.691529512405396,,,,,,,,,,,,,,,,,,,,,,,,,,,,,,,,
34,1.4166666666666667,34,1.4166666666666667,0.0,0.10114673715287661,0.09522638233486148,0.5843646425227946,0.5825343247724023,0.0849553626743982,0.08675452644052678,0.08266618959301551,0.08362465312062192,0.14691971316045954,0.14392979822905266,0.12387228161421653,0.11989765947458951,0.12360193515604151,0.12395951257744534,0.4908561110496521,0.4909256398677826,0.4790303111076355,0.47899162769317627,0.5175840258598328,0.5139687061309814,0.37955814599990845,0.38002710044384,0.46895691752433777,0.4706064462661743,0.7530364394187927,0.7621335685253143,-171.8602752685547,-171.65643310546875,15.9807710647583,15.953185081481932,3.0464925765991215,3.1526932716369633,,,,,,,,,,,,,,,,,,,,,,,,,,,,,,,,
35,1.4583333333333333,35,1.4583333333333333,0.0,0.10228851163176042,0.08228435968265224,0.5884808969568612,0.5850087348166357,0.08455494932209523,0.0830671006176985,0.08315140379030485,0.08165114238367306,0.14649154106035858,0.1409219054473693,0.12341702998812794,0.11744716652465247,0.12536686811316003,0.1266322378868323,0.4917943477630615,0.4924796372652054,0.4801183342933655,0.4799532890319824,0.5175422430038452,0.5137880891561508,0.3765219449996948,0.37669745087623596,0.46705561876296997,0.4681364595890045,0.7538702189922333,0.7621518075466156,-171.14320373535156,-171.19873046875,14.84832286834717,14.470218658447266,3.3698925971984863,3.71217131614685,,,,,,,,,,,,,,,,,,,,,,,,,,,,,,,,
36,1.5,36,1.5,0.0,0.08411558896430217,0.06793945470716069,0.5891118645325858,0.5746462302901935,0.07856555608156801,0.07977126148797561,0.0784184514699757,0.07878135566746518,0.1410390945510623,0.13701986214744977,0.11914635569434397,0.11383820378147425,0.12645403980897843,0.12694601489862986,0.4932556003332138,0.4934581220149994,0.48130470514297485,0.48098546266555786,0.5188846290111542,0.512347623705864,0.3731234669685364,0.3737441748380661,0.4625784456729889,0.4636203646659851,0.7519204020500183,0.7613390982151031,-171.84542846679688,-171.82008361816406,13.752690315246582,13.962263107299805,3.527143001556397,3.731563091278076,,,,,,,,,,,,,,,,,,,,,,,,,,,,,,,,
37,1.5416666666666667,37,1.5416666666666667,0.0,0.05111521737056741,0.04833826644346962,0.5657538457285809,0.5594270179641557,0.07876118587798367,0.0762844525212222,0.07907697171381697,0.0751209470764495,0.14199909499755997,0.14094069235249987,0.12110345475087828,0.11904975361759815,0.12520683423235737,0.1257338770619008,0.4940706193447113,0.4941149950027466,0.4826985001564026,0.4825958013534546,0.5172538012266159,0.5118826776742935,0.3715425431728363,0.3726285696029663,0.45940878987312317,0.45962145924568176,0.7539331912994385,0.7601071894168854,-172.6223907470703,-173.3172149658203,13.80385971069336,13.642908096313477,3.293750524520874,3.243945837020874,,,,,,,,,,,,,,,,,,,,,,,,,,,,,,,,
38,1.5833333333333333,38,1.5833333333333333,0.0,0.03801177651068667,0.03633625314692706,0.5474234723176318,0.5454071720909907,0.07634128164992642,0.07643029273613682,0.07679764093056349,0.07670196818093586,0.14227121857959218,0.13827363002520612,0.1234639438433034,0.11809279273499794,0.1239382233451476,0.12481124516485624,0.49543462693691254,0.4959750175476074,0.48567458987236023,0.4860592186450958,0.5189333260059357,0.5115448087453842,0.37147243320941925,0.37187935411930084,0.4568987190723419,0.4576103687286377,0.7521339654922485,0.7598682940006256,-173.87864685058594,-174.16693115234375,13.14561939239502,12.380194664001465,2.7436187267303467,2.955437421798706,,,,,,,,,,,,,,,,,,,,,,,,,,,,,,,,
39,1.625,39,1.625,0.0,0.039269899297869455,0.03566261032789647,0.5518357548201895,0.5443612074938264,0.0819191036673287,0.08055061029248138,0.08317111570601703,0.08203853136695337,0.13754595988942,0.1338499137907737,0.11872328279143958,0.11505231120588819,0.12444776987553981,0.12521663389732285,0.49757926166057587,0.4978766441345215,0.4886872470378876,0.48832961916923523,0.5171511471271515,0.5114675760269165,0.3721763640642166,0.3721330910921097,0.4575958847999573,0.45745909214019775,0.752768874168396,0.7591560184955597,-174.16343688964844,-174.61489868164062,10.80129909515381,11.123076438903809,2.9003608226776123,3.0443296432495117,,,,,,,,,,,,,,,,,,,,,,,,,,,,,,,,
40,1.6666666666666667,40,1.6666666666666667,0.0,0.03729546609451609,0.03200646374383999,0.5507996211809222,0.5510535676184074,0.0833791374699368,0.08415773278244437,0.0833972139024222,0.08426586205363751,0.14026160448149802,0.13311604093599236,0.119867876292127,0.11446398080409885,0.1251391995983852,0.1253596488644407,0.4996567368507385,0.4996792674064636,0.49320197105407715,0.4931606352329254,0.5175988972187042,0.5123912990093231,0.3731929361820221,0.3727973997592926,0.4608861207962036,0.46035629510879517,0.7524714767932892,0.7581557035446167,-173.629150390625,-173.98228454589844,8.31480598449707,8.491556167602539,2.282336473464966,2.1719090938568115,,,,,,,,,,,,,,,,,,,,,,,,,,,,,,,,
41,1.7083333333333333,41,1.7083333333333333,0.0,0.03971889337757867,0.03924806100787114,0.5271397756563311,0.5319592625894016,0.08682296689041431,0.084005188904897,0.0877759411380254,0.08470548499603714,0.1488117704209914,0.1473737939304417,0.12762068382923167,0.12737169296022352,0.12603853200475298,0.1263933661047691,0.5022469162940979,0.5027405172586441,0.497265487909317,0.49783074855804443,0.5173011422157288,0.5122532844543457,0.3759844899177551,0.37623052299022675,0.4653569757938385,0.46509647369384766,0.7539921700954437,0.7573022842407227,-172.90614318847656,-173.17152404785156,6.0817952156066895,5.557486534118652,2.393834352493286,2.351534128189087,,,,,,,,,,,,,,,,,,,,,,,,,,,,,,,,
42,1.75,42,1.75,0.0,0.03401529486270998,0.03051655443390838,0.5291210684437415,0.5258321731819784,0.08546243147672329,0.08644434198756061,0.08498735228528505,0.08594160660138131,0.15684042505777337,0.1531940120060514,0.13316246304596396,0.1300361391115505,0.1269826030200411,0.12669129054699366,0.5047397166490555,0.5048414021730423,0.5011246204376221,0.5010022521018982,0.5172039121389389,0.5129972100257874,0.37858746945858,0.3788970559835434,0.47024422883987427,0.4710157513618469,0.7516688406467438,0.758580207824707,-171.8776397705078,-171.4482421875,3.8104250431060795,4.217896461486816,2.229891777038574,2.295539140701294,,,,,,,,,,,,,,,,,,,,,,,,,,,,,,,,
43,1.7916666666666667,43,1.7916666666666667,0.0,0.036924307356345075,0.03724819905067506,0.490796149620182,0.49199804694096144,0.08730353639183457,0.0894502895500934,0.08641424764352225,0.0887660237430522,0.15630556441411,0.15297875672529548,0.13103870655395805,0.12861701202296486,0.12625903579112546,0.12637325743799707,0.5066010504961014,0.5067000389099121,0.5037569403648376,0.5038357377052307,0.5166404545307159,0.5137809664011002,0.3789519965648651,0.37966692447662354,0.4703754186630249,0.4706462323665619,0.7533539235591888,0.7598173320293427,-173.0872039794922,-173.1336212158203,3.2695395946502686,3.132793426513672,2.2238643169403076,2.2133004665374756,,,,,,,,,,,,,,,,,,,,,,,,,,,,,,,,
44,1.8333333333333333,44,1.8333333333333333,0.0,0.035105125887948514,0.03450407473356353,0.4943064288186115,0.48823512509554845,0.09183621886965271,0.09400973989033638,0.091747269346988,0.09382000300822589,0.15142239640795577,0.1469019625867316,0.12433157074312975,0.12351480238545393,0.12593325130441443,0.12533739129977398,0.5076929479837418,0.5077359080314636,0.5051567554473877,0.505368709564209,0.517864465713501,0.5142272859811783,0.37694957852363586,0.3779483437538147,0.47102415561676025,0.4705783724784851,0.7555389702320099,0.7605376541614532,-172.16226196289062,-172.77005004882815,1.796867370605469,2.057312488555908,2.502887010574341,2.1451363563537598,,,,,,,,,,,,,,,,,,,,,,,,,,,,,,,,
45,1.875,45,1.875,0.0,0.03473917696848158,0.03558300068557168,0.5046493025572983,0.49825389980560014,0.09244219216313858,0.09585971435538972,0.09278723926768641,0.09577401897840192,0.15090377202079888,0.14656642444221335,0.12376995447795372,0.11936773396423808,0.12567008232641508,0.12507326161664364,0.5081511735916138,0.5084695219993591,0.5057597160339355,0.5062122941017151,0.5178716778755188,0.5142488926649094,0.37570905685424805,0.37614141404628754,0.46931543946266174,0.46870526671409607,0.7551916539669037,0.759795069694519,-172.33265686035156,-172.9971466064453,1.2608647346496582,0.7323290109634399,2.4904372692108154,2.556058406829834,,,,,,,,,,,,,,,,,,,,,,,,,,,,,,,,
46,1.9166666666666667,46,1.9166666666666667,0.0,0.055184075368203404,0.05723158549892195,0.5473103159099592,0.5425428998062524,0.08975906379507084,0.09185760308732992,0.09130146326387477,0.09350213179162192,0.14863758251156614,0.146572146654349,0.12194120543740876,0.11989828054345986,0.12516915822309252,0.12511893132143384,0.5090446323156357,0.5090735703706741,0.505348801612854,0.5059415698051453,0.5178036391735077,0.5148126631975174,0.37446120381355286,0.37487930059432983,0.46668270230293274,0.4660312831401825,0.7542846202850342,0.7592078149318695,-173.0853729248047,-173.42498779296875,2.6547160148620605,1.130589485168457,2.8642587661743164,2.7985143661499023,,,,,,,,,,,,,,,,,,,,,,,,,,,,,,,,
47,1.9583333333333333,47,1.9583333333333333,0.0,0.06370891348161457,0.054612459634378156,0.5539022956928232,0.5511106019159377,0.08765731215718885,0.08840948524983955,0.08844326275002894,0.08971362644042373,0.14313529778696757,0.14422760794008177,0.11657065215675495,0.11791106368543859,0.12535379926198645,0.12483413845165059,0.5085313320159912,0.5087984949350357,0.5053749680519104,0.5052511096000671,0.517286866903305,0.5135663002729416,0.3735080361366272,0.3738722503185272,0.463337242603302,0.4650718867778778,0.753606528043747,0.7597504258155823,-173.94688415527344,-173.24232482910156,1.5529391765594482,2.2237465381622314,2.759654998779297,2.8275163173675537,,,,,,,,,,,,,,,,,,,,,,,,,,,,,,,,
48,2.0,48,2.0,0.0,0.041434717981962646,0.04045503191857513,0.5455591098042581,0.5370688209072537,0.08800040898363883,0.08753332168704939,0.08989309351457252,0.08935538017646089,0.14259041744594053,0.14109270249595424,0.11662693158293695,0.11512618572069738,0.1254747068733021,0.12591778655049882,0.5088587701320648,0.5089556574821472,0.5051096081733704,0.5051079988479614,0.5172910988330841,0.5137681066989899,0.3735664486885071,0.3739527314901352,0.46378105878829956,0.4647384285926819,0.7531611323356628,0.75780388712883,-172.6608123779297,-172.37313842773438,2.520599842071533,2.5722806453704834,2.9768266677856445,3.0107972621917725,,,,,,,,,,,,,,,,,,,,,,,,,,,,,,,,
49,2.0416666666666665,49,2.0416666666666665,0.0,0.028915797209129325,0.030584811509636305,0.5560789051246058,0.5482594379019972,0.08648622527061461,0.08716922537335897,0.08850339664385821,0.08938021695604818,0.1424951548340732,0.14014289705394462,0.1154831402094672,0.1132836423167019,0.1254622397189135,0.12577822216333692,0.5083000957965851,0.5086722373962402,0.5042112469673157,0.5048131942749023,0.5170537531375885,0.5137415826320648,0.37302784621715546,0.3732447326183319,0.4642472565174103,0.4641322195529938,0.7514493763446808,0.757477343082428,-172.0118865966797,-172.2401885986328,2.8765392303466797,2.109696865081787,3.101576805114746,3.14963436126709,,,,,,,,,,,,,,,,,,,,,,,,,,,,,,,,
50,2.0833333333333335,50,2.0833333333333335,0.0,0.026797959814932645,0.029241520156445273,0.5522529845223134,0.5512666594133658,0.08830856633718419,0.0882474798718311,0.08987417106558504,0.08989611416336804,0.13958045318465026,0.13964152781936512,0.11197660254207778,0.11150939023136146,0.12606142071753138,0.12528935378023542,0.5083816349506378,0.5087233781814575,0.5041186809539795,0.5048031806945801,0.5168873965740204,0.5131268501281738,0.3729938864707947,0.37292468547821045,0.46464312076568604,0.46439480781555176,0.7525290250778198,0.7569558024406433,-170.96624755859375,-171.46420288085938,2.8358514308929443,1.798432111740112,3.154061794281006,3.2026007175445557,,,,,,,,,,,,,,,,,,,,,,,,,,,,,,,,
51,2.125,51,2.125,0.0,0.02590038164854597,0.027619358709057643,0.5537661776339009,0.5511891049492946,0.08774097193493083,0.0890361590574947,0.08901714298310356,0.09029881526892079,0.13910190665197597,0.13799101312871856,0.11252519333864702,0.11141500881347105,0.12553026496580488,0.12517280353561672,0.5079947710037231,0.5082232654094696,0.5037440061569214,0.5044991374015808,0.5165211856365204,0.5130460858345032,0.3726596385240555,0.3726855665445328,0.4632948040962219,0.4637110233306885,0.752117395401001,0.7573349475860596,-171.3016357421875,-171.3326873779297,3.2698886394500732,2.000591516494751,3.009657382965088,2.9902701377868652,,,,,,,,,,,,,,,,,,,,,,,,,,,,,,,,
52,2.1666666666666665,52,2.1666666666666665,0.0,0.021642740428342827,0.02492039474436618,0.556683386127461,0.5533743152540531,0.08773784378964791,0.0877883602385638,0.08896057622160283,0.08865309540928766,0.1409490921406086,0.1377389695847492,0.11517563857135771,0.11176490293346797,0.12542095846168425,0.1253945502840002,0.5082351267337799,0.5082627534866333,0.503891110420227,0.5044814944267273,0.5163830816745758,0.5126886069774628,0.3732059448957443,0.37268343567848206,0.4634043872356415,0.463774174451828,0.7539443373680115,0.7581067979335785,-171.20413208007812,-170.97547912597656,3.1841609477996826,2.168700933456421,2.990368604660034,2.8979580402374268,,,,,,,,,,,,,,,,,,,,,,,,,,,,,,,,
53,2.2083333333333335,53,2.2083333333333335,0.0,0.019812490713728204,0.023811791214114936,0.558935838990118,0.5558902822414091,0.08626743449658972,0.0858632087257976,0.08789524698453886,0.08662019728538717,0.14245594148878932,0.139272690486232,0.11699096366699195,0.11331588610541905,0.1256710550972642,0.1255748176822925,0.5083902031183243,0.5082550346851349,0.5040120482444763,0.5044274926185608,0.516162171959877,0.5128619074821472,0.37347373366355896,0.37315644323825836,0.4631878137588501,0.4637376666069031,0.7543265223503113,0.7587752938270569,-171.30650329589844,-170.78440856933594,3.0666725635528564,2.279571056365967,3.0356245040893555,2.91434907913208,,,,,,,,,,,,,,,,,,,,,,,,,,,,,,,,
54,2.25,54,2.25,0.0,0.018709369847387053,0.022699308405439673,0.5599133412669833,0.5568426637316752,0.08765523914133895,0.08546938762764433,0.08914679065927858,0.08650754787518738,0.1376693704809325,0.13788316370978934,0.11378535887352947,0.11361106382758644,0.12547791387114698,0.1252791001738022,0.5077376663684845,0.5079458355903625,0.5032061338424683,0.5039801001548767,0.515426903963089,0.5127472281455994,0.37296564877033234,0.37306663393974304,0.46242523193359375,0.46295756101608276,0.7551960349082947,0.7601383924484253,-171.331787109375,-171.09219360351562,3.610504388809204,2.6570560932159424,2.9159185886383057,2.8239870071411133,,,,,,,,,,,,,,,,,,,,,,,,,,,,,,,,
55,2.2916666666666665,55,2.2916666666666665,0.0,0.018850826891430066,0.02219189063943866,0.5595594762091284,0.5584566234956518,0.08578967453962788,0.08493534968045564,0.08710860721351882,0.08556568108293547,0.1379512179735676,0.13769533283788596,0.11322250647956432,0.11352433756731359,0.12562256591423598,0.12527394980784165,0.5077166706323624,0.50775545835495,0.5032621026039124,0.503894031047821,0.5154641568660736,0.512945830821991,0.37295854091644287,0.37303563952445984,0.4621914327144623,0.4627678394317627,0.7548940479755402,0.7591181099414825,-171.25961303710938,-170.94808959960938,3.3031668663024902,2.763429641723633,2.9402618408203125,2.74405837059021,,,,,,,,,,,,,,,,,,,,,,,,,,,,,,,,
56,2.3333333333333335,56,2.3333333333333335,0.0,0.019255156818150706,0.02218838509362719,0.5595047770164345,0.5584858042278328,0.08588052112547201,0.08496495505070402,0.08715641392410191,0.08542949376633624,0.1371152581111374,0.13647116157040395,0.11260235400994936,0.11298840016591155,0.1254790824760611,0.12490065674432452,0.5075525194406509,0.507469117641449,0.5031507611274719,0.5037530660629272,0.5157791972160339,0.5128807425498962,0.37289491295814514,0.3729132115840912,0.4620782136917114,0.4624876379966736,0.7544722259044647,0.7592549920082092,-171.173095703125,-171.06008911132812,3.292879581451416,2.817814350128174,2.9259636402130127,2.618840217590332,,,,,,,,,,,,,,,,,,,,,,,,,,,,,,,,
57,2.375,57,2.375,0.0,0.019604299386814048,0.02197156880568705,0.5608211330565133,0.5579916559971634,0.08522645403183521,0.08479586782037192,0.0863981609465448,0.08504128296285038,0.13762362643956477,0.13610251927647837,0.11289429846521261,0.11268571537035184,0.1252615074333236,0.12485084804711567,0.5074905008077621,0.507314071059227,0.5032443404197693,0.5037119388580322,0.5158143639564514,0.5120614767074585,0.3729140907526016,0.37269623577594757,0.46196791529655457,0.46228790283203125,0.7539586424827576,0.7598757445812225,-171.2650909423828,-171.06056213378906,3.0931344032287598,2.761854648590088,2.895188808441162,2.55535626411438,,,,,,,,,,,,,,,,,,,,,,,,,,,,,,,,
58,2.4166666666666665,58,2.4166666666666665,0.0,0.02003204625764301,0.02294439107252984,0.5604135798726527,0.5579046619695217,0.08515969162796878,0.08454026573387866,0.0863628629652133,0.08493575370169132,0.13493715161740039,0.13520145064846087,0.11160369668702397,0.11210137657025597,0.12512655381902768,0.12479416388083053,0.5073064118623734,0.5072727501392365,0.5031144618988037,0.50361567735672,0.5159478038549423,0.5120436698198318,0.37239643931388855,0.37251441180706024,0.4614725410938263,0.46218007802963257,0.7545766234397888,0.7600932419300079,-171.28466796875,-170.99917602539062,3.170872688293457,2.8006575107574463,2.7416374683380127,2.5480616092681885,,,,,,,,,,,,,,,,,,,,,,,,,,,,,,,,
59,2.4583333333333335,59,2.4583333333333335,0.0,0.01993052433242705,0.02270139868682214,0.5630228453478333,0.5576035996567744,0.08383466287572347,0.08500186465019385,0.08487189619339226,0.08540748134895786,0.13538909118882442,0.13443044808400917,0.1116399490627869,0.11172490991242981,0.12497074960684261,0.12491157684620853,0.5073123574256897,0.5073029547929764,0.5031190514564514,0.5036947727203369,0.5159101784229279,0.5120648294687271,0.3724273592233658,0.372513547539711,0.4613712430000305,0.4619133174419403,0.7546804845333099,0.7602556049823761,-171.2599334716797,-171.10531616210938,3.2491104602813725,2.784174919128418,2.7446789741516113,2.509431838989258,,,,,,,,,,,,,,,,,,,,,,,,,,,,,,,,
60,2.5,60,2.5,0.0,0.01984717662858525,0.02247223265164417,0.5627295418911106,0.558040586231297,0.08428912298566207,0.08494419850026448,0.0853205021603491,0.08539854752583692,0.13503530137010497,0.13396426738030853,0.11180148296085861,0.11123698254639434,0.12496832020799954,0.12508709770947912,0.5073034167289734,0.5073156356811523,0.5031189918518066,0.5037130117416382,0.5160199403762817,0.5121476650238037,0.37234875559806824,0.37245985865592957,0.46137112379074097,0.46202361583709717,0.7547524273395538,0.7598139941692352,-171.1667022705078,-170.98486328125,3.258444309234619,2.7618367671966553,2.7082431316375732,2.510880708694458,,,,,,,,,,,,,,,,,,,,,,,,,,,,,,,,
